name,price,link,company,product_seq,image,size,capacity,interface,rpm,transfer_rate,buffer_capacity,recording_method,thickness,as_years,reg_date,bookmark
"Western Digital WD BLUE 5640/128M (WD80EAZZ, 8TB)",170730.0,https://prod.danawa.com/info/?pcode=15765761&cate=112763,Western Digital WD,15765761,//img.danawa.com/prod_img/500000/761/765/img/15765761_1.jpg?shrink=330:*&_v=20211206151137,8.9,8192.0,SATA3(6Gb/s),5640,185,128.0,0.0,26.1,,202111,
"Seagate BarraCuda 7200/256M (ST2000DM008, 2TB)",76000.0,https://prod.danawa.com/info/?pcode=6545078&cate=112763,Seagate,6545078,//img.danawa.com/prod_img/500000/078/545/img/6545078_1.jpg?shrink=330:*&_v=20220629141246,8.9,2048.0,SATA3 (6Gb/s),7200,220,256.0,1.0,20.2,,201810,
"Western Digital WD BLUE 7200/256M (WD20EZBX, 2TB)",74050.0,https://prod.danawa.com/info/?pcode=13522751&cate=112763,Western Digital WD,13522751,//img.danawa.com/prod_img/500000/751/522/img/13522751_1.jpg?shrink=330:*&_v=20210305135225,8.9,2048.0,SATA3(6Gb/s),7200,215,256.0,1.0,26.1,,202103,
"Seagate BarraCuda 5400/256M (ST4000DM004, 4TB)",112000.0,https://prod.danawa.com/info/?pcode=5173062&cate=112763,Seagate,5173062,//img.danawa.com/prod_img/500000/062/173/img/5173062_1.jpg?shrink=330:*&_v=20220629141314,8.9,4096.0,SATA3 (6Gb/s),5400,190,256.0,1.0,20.2,,201705,
"Seagate BarraCuda 5400/256M/해외구매 (ST8000DM004, 8TB)",130460.0,https://prod.danawa.com/info/?pcode=9721383&cate=112763,Seagate,9721383,//img.danawa.com/prod_img/500000/383/721/img/9721383_1.jpg?shrink=330:*&_v=20200528093624,8.9,8192.0,SATA3(6Gb/s),5400,190,256.0,1.0,26.11,,201910,
"Western Digital WD BLUE 5400/256M (WD40EZAX, 4TB)",112000.0,https://prod.danawa.com/info/?pcode=19965044&cate=112763,Western Digital WD,19965044,//img.danawa.com/prod_img/500000/044/965/img/19965044_1.jpg?shrink=330:*&_v=20230427174719,8.9,4096.0,SATA3(6Gb/s),5400,180,256.0,0.0,26.1,,202304,
"Western Digital WD BLUE 7200/64M (WD10EZEX, 1TB)",63690.0,https://prod.danawa.com/info/?pcode=1706996&cate=112763,Western Digital WD,1706996,//img.danawa.com/prod_img/500000/996/706/img/1706996_1.jpg?shrink=330:*&_v=20210412173807,8.9,1024.0,SATA3(6Gb/s),7200,150,64.0,0.0,25.4,,201206,
"Western Digital WD BLUE 5640/128M 해외구매 (WD80EAZZ, 8TB)",146280.0,https://prod.danawa.com/info/?pcode=17003267&cate=112763,Western Digital WD,17003267,//img.danawa.com/prod_img/500000/267/003/img/17003267_1.jpg?shrink=330:*&_v=20220509144844,8.9,8192.0,SATA3(6Gb/s),5640,185,128.0,0.0,26.1,,202111,
"도시바 P300 7200/64M (HDWD120, 2TB)",87000.0,https://prod.danawa.com/info/?pcode=6288809&cate=112763,도시바,6288809,//img.danawa.com/prod_img/500000/809/288/img/6288809_1.jpg?shrink=330:*&_v=20211115130146,8.9,2048.0,SATA3 (6Gb/s),7200,,64.0,0.0,26.1,,201807,
"Seagate BarraCuda 7200/64M (ST1000DM010, 1TB)",67000.0,https://prod.danawa.com/info/?pcode=4490034&cate=112763,Seagate,4490034,//img.danawa.com/prod_img/500000/034/490/img/4490034_1.jpg?shrink=330:*&_v=20220629140659,8.9,1024.0,SATA3 (6Gb/s),7200,210,64.0,2.0,20.2,,201609,
"도시바 P300 7200/256M (HDWD320, 2TB)",73820.0,https://prod.danawa.com/info/?pcode=17253821&cate=112763,도시바,17253821,//img.danawa.com/prod_img/500000/821/253/img/17253821_1.jpg?shrink=330:*&_v=20220615094151,8.9,2048.0,SATA3 (6Gb/s),7200,210,256.0,1.0,26.1,,202206,
"Seagate FireCuda 7200/256M (ST8000DX001, 8TB)",349000.0,https://prod.danawa.com/info/?pcode=16482848&cate=112763,Seagate,16482848,//img.danawa.com/prod_img/500000/848/482/img/16482848_1.jpg?shrink=330:*&_v=20220629150119,8.9,8192.0,SATA3 (6Gb/s),7200,260,256.0,0.0,26.1,,202203,
"도시바 P300 5400/128M (HDWD240, 4TB)",110270.0,https://prod.danawa.com/info/?pcode=12008960&cate=112763,도시바,12008960,//img.danawa.com/prod_img/500000/960/008/img/12008960_1.jpg?shrink=330:*&_v=20220617085106,8.9,4096.0,SATA3 (6Gb/s),5400,185,128.0,1.0,26.1,,202008,
"도시바 X300 7200/256M (HDWR11A, 10TB)",337600.0,https://prod.danawa.com/info/?pcode=6295629&cate=112763,도시바,6295629,//img.danawa.com/prod_img/500000/629/295/img/6295629_1.jpg?shrink=330:*&_v=20200528134738,8.9,10240.0,SATA3 (6Gb/s),7200,,256.0,,26.1,,201807,
"Western Digital WD BLUE 5400/64M (WD20EZRZ, 2TB)",82000.0,https://prod.danawa.com/info/?pcode=3474055&cate=112763,Western Digital WD,3474055,//img.danawa.com/prod_img/500000/055/474/img/3474055_1.jpg?shrink=330:*&_v=20200528094214,8.9,2048.0,SATA3(6Gb/s),5400,147,64.0,,26.1,,201510,
"Seagate BarraCuda 7200.12 7200/32M (ST31000524AS, 1TB)",,https://prod.danawa.com/info/?pcode=1304440&cate=112763,Seagate,1304440,//img.danawa.com/prod_img/500000/440/304/img/1304440_1.jpg?shrink=330:*&_v=20200528093635,8.9,1024.0,SATA3(6Gb/s),7200,,32.0,,26.1,,201102,
"Western Digital WD BLACK 7200/256M (WD4005FZBX, 4TB)",274800.0,https://prod.danawa.com/info/?pcode=5931378&cate=112763,Western Digital WD,5931378,//img.danawa.com/prod_img/500000/378/931/img/5931378_1.jpg?shrink=330:*&_v=20200528142456,8.9,4096.0,SATA3 (6Gb/s),7200,202,256.0,0.0,26.1,,201803,
"도시바 X300 7200/128M (HDWE140, 4TB)",148000.0,https://prod.danawa.com/info/?pcode=6295581&cate=112763,도시바,6295581,//img.danawa.com/prod_img/500000/581/295/img/6295581_1.jpg?shrink=330:*&_v=20200528134742,8.9,4096.0,SATA3 (6Gb/s),7200,,128.0,,26.1,,201807,
"Western Digital WD BLACK 7200/64M (WD1003FZEX, 1TB)",119000.0,https://prod.danawa.com/info/?pcode=2307177&cate=112763,Western Digital WD,2307177,//img.danawa.com/prod_img/500000/177/307/img/2307177_1.jpg?shrink=330:*&_v=20200528142457,8.9,1024.0,SATA3(6Gb/s),7200,150,64.0,0.0,26.1,,201311,
"Seagate BarraCuda 7200/16M (ST500DM002, 500GB)",63640.0,https://prod.danawa.com/info/?pcode=1464268&cate=112763,Seagate,1464268,//img.danawa.com/prod_img/500000/268/464/img/1464268_1.jpg?shrink=330:*&_v=20200528093631,8.9,500.0,SATA3(6Gb/s),7200,,16.0,,20.0,,201108,
"Seagate BarraCuda Pro 7200/256M (ST10000DM0004, 10TB)",,https://prod.danawa.com/info/?pcode=4355589&cate=112763,Seagate,4355589,//img.danawa.com/prod_img/500000/589/355/img/4355589_1.jpg?shrink=330:*&_v=20200528093625,8.9,10240.0,SATA3 (6Gb/s),7200,220,256.0,,,,201608,
"Western Digital WD BLUE 7200/16M (WD5000AAKX, 500GB)",61410.0,https://prod.danawa.com/info/?pcode=1218955&cate=112763,Western Digital WD,1218955,//img.danawa.com/prod_img/500000/955/218/img/1218955_1.jpg?shrink=330:*&_v=20200528094214,8.9,500.0,SATA3(6Gb/s),7200,126,16.0,,25.4,,201011,
"Seagate BarraCuda 7200/32M (ST500DM009, 500GB)",77000.0,https://prod.danawa.com/info/?pcode=4556071&cate=112763,Seagate,4556071,//img.danawa.com/prod_img/500000/071/556/img/4556071_1.jpg?shrink=330:*&_v=20201120182508,8.9,500.0,SATA3 (6Gb/s),7200,210,32.0,2.0,20.0,,201610,
"Seagate BarraCuda Pro 7200/128M (ST4000DM006, 4TB)",265220.0,https://prod.danawa.com/info/?pcode=4857319&cate=112763,Seagate,4857319,//img.danawa.com/prod_img/500000/319/857/img/4857319_1.jpg?shrink=330:*&_v=20200528093625,8.9,4096.0,SATA3 (6Gb/s),7200,220,128.0,,26.0,,201701,
Western Digital WD WD5000AZLX (SATA3/7200/32M) (500GB),68000.0,https://prod.danawa.com/info/?pcode=3572596&cate=112763,Western Digital WD,3572596,//img.danawa.com/prod_img/500000/596/572/img/3572596_1.jpg?shrink=330:*&_v=20201106175614,8.9,500.0,SATA3(6Gb/s),7200,150,32.0,,26.1,,201511,
"Seagate BarraCuda 7200.11 SATA2/7200/32M (ST31000340AS, 1TB)",61330.0,https://prod.danawa.com/info/?pcode=563293&cate=112763,Seagate,563293,//img.danawa.com/prod_img/500000/293/563/img/563293_1.jpg?shrink=330:*&_v=20200528093652,8.9,1024.0,SATA2(3Gb/s),7200,,32.0,,26.1,,200710,
"Seagate Desktop HDD.15 5900/64M (ST4000DM000, 4TB)",,https://prod.danawa.com/info/?pcode=1961610&cate=112763,Seagate,1961610,//img.danawa.com/prod_img/500000/610/961/img/1961610_1.jpg?shrink=330:*&_v=20200528173228,8.9,4096.0,SATA3(6Gb/s),5900,,64.0,,26.1,,201303,
"Seagate BarraCuda 7200.9 SATA2/7200.9/8M (ST3250824AS, 250GB)",,https://prod.danawa.com/info/?pcode=134199&cate=112763,Seagate,134199,//img.danawa.com/prod_img/large/group_268/134199_1.jpg?shrink=330:*&_v=20200528091107,8.9,250.0,SATA2(3Gb/s),7200,,8.0,,26.1,,200512,
"Seagate Pipeline HD SATA2/5900/64M (ST2000VM003, 2TB)",64890.0,https://prod.danawa.com/info/?pcode=2281269&cate=112763,Seagate,2281269,//img.danawa.com/prod_img/500000/269/281/img/2281269_1.jpg?shrink=330:*&_v=20200529165821,8.9,2048.0,SATA2(3Gb/s),5900,,64.0,,26.1,,201310,
"Seagate BarraCuda 5900/64M (ST4000DM005, 4TB)",,https://prod.danawa.com/info/?pcode=4519087&cate=112763,Seagate,4519087,//img.danawa.com/prod_img/500000/087/519/img/4519087_1.jpg?shrink=330:*&_v=20201120182146,8.9,4096.0,SATA3 (6Gb/s),5900,,64.0,,26.1,,201610,
"Seagate BarraCuda 7200.9 EIDE/7200/2M (ST3802110A, 80GB)",42090.0,https://prod.danawa.com/info/?pcode=432137&cate=112763,Seagate,432137,//img.danawa.com/prod_img/large/group_864/432137_1.jpg?shrink=330:*&_v=20200528093654,8.9,80.0,E-IDE,7200,,2.0,,26.1,,200702,
"Seagate BarraCuda 7200.12 SATA2/7200/16M (ST3320418AS, 320GB)",44330.0,https://prod.danawa.com/info/?pcode=881142&cate=112763,Seagate,881142,//img.danawa.com/prod_img/500000/142/881/img/881142_1.jpg?shrink=330:*&_v=20200528093641,8.9,320.0,SATA2(3Gb/s),7200,,16.0,,20.0,,200904,
"Seagate BarraCuda 7200.7 EIDE/7200/2M (ST3160021A, 160GB)",68000.0,https://prod.danawa.com/info/?pcode=66979&cate=112763,Seagate,66979,//img.danawa.com/prod_img/large/group_133/66979_1.jpg?shrink=330:*&_v=20200528091107,8.9,160.0,E-IDE,7200,,2.0,,26.1,,200304,
"Seagate BarraCuda 7200.12 SATA2/7200/8M (ST3250318AS, 250GB)",61680.0,https://prod.danawa.com/info/?pcode=881139&cate=112763,Seagate,881139,//img.danawa.com/prod_img/500000/139/881/img/881139_1.jpg?shrink=330:*&_v=20200528093641,8.9,250.0,SATA2(3Gb/s),7200,,8.0,,20.0,,200904,
"Seagate BarraCuda 7200.10 EIDE/7200/2M (ST3160215A, 160GB)",,https://prod.danawa.com/info/?pcode=638233&cate=112763,Seagate,638233,//img.danawa.com/prod_img/500000/233/638/img/638233_1.jpg?shrink=330:*&_v=20200528093650,8.9,160.0,E-IDE,7200,,2.0,,20.0,,200802,
"Seagate BarraCuda 7200.10 EIDE/7200/8M (ST3500830A, 500GB)",,https://prod.danawa.com/info/?pcode=1531954&cate=112763,Seagate,1531954,//img.danawa.com/prod_img/500000/954/531/img/1531954_1.jpg?shrink=330:*&_v=20200528093631,8.9,500.0,E-IDE,7200,,8.0,,26.1,,201111,
"Seagate Constellation ES SATA2/7200/64M (ST32000644NS, 2TB)",,https://prod.danawa.com/info/?pcode=1158266&cate=112763,Seagate,1158266,//img.danawa.com/prod_img/500000/266/158/img/1158266_1.jpg?shrink=330:*&_v=20200529093845,8.9,2048.0,SATA2(3Gb/s),7200,,64.0,,26.1,,201008,
"Seagate BarraCuda 7200.11 SATA2/7200/8M (ST3160813AS, 160GB)",,https://prod.danawa.com/info/?pcode=790919&cate=112763,Seagate,790919,//img.danawa.com/prod_img/500000/919/790/img/790919_1.jpg?shrink=330:*&_v=20200528093643,8.9,160.0,SATA2(3Gb/s),7200,,8.0,,20.0,,200811,
"Seagate BarraCuda 7200.9 SATA2/7200/8M/슬림 (ST3160811AS, 160GB)",,https://prod.danawa.com/info/?pcode=157686&cate=112763,Seagate,157686,//img.danawa.com/prod_img/large/group_315/157686_1.jpg?shrink=330:*&_v=20200528091104,8.9,160.0,SATA2(3Gb/s),7200,,8.0,,20.0,,200606,
"Seagate Constellation ES SATA2/7200/32M (ST3500514NS, 500GB)",,https://prod.danawa.com/info/?pcode=1511045&cate=112763,Seagate,1511045,//img.danawa.com/prod_img/500000/045/511/img/1511045_1.jpg?shrink=330:*&_v=20200529093844,8.9,500.0,SATA2(3Gb/s),7200,,32.0,,26.1,,201110,
"Seagate Constellation ES 7200/64M (ST1000NM0011, 1TB)",,https://prod.danawa.com/info/?pcode=1517797&cate=112763,Seagate,1517797,//img.danawa.com/prod_img/500000/797/517/img/1517797_1.jpg?shrink=330:*&_v=20200529093845,8.9,1024.0,SATA3(6Gb/s),7200,,64.0,,26.1,,201110,
"Seagate BarraCuda 7200.12 7200/16M (ST3500413AS, 500GB)",,https://prod.danawa.com/info/?pcode=1304447&cate=112763,Seagate,1304447,//img.danawa.com/prod_img/500000/447/304/img/1304447_1.jpg?shrink=330:*&_v=20200528093635,8.9,500.0,SATA3(6Gb/s),7200,,16.0,,20.0,,201102,
"Seagate BarraCuda ES.2 SATA2/7200/32M (ST31000340NS, 1TB)",,https://prod.danawa.com/info/?pcode=758195&cate=112763,Seagate,758195,//img.danawa.com/prod_img/500000/195/758/img/758195_1.jpg?shrink=330:*&_v=20200528093644,8.9,1024.0,SATA2(3Gb/s),7200,,32.0,,26.1,,200810,
"Seagate BarraCuda 7200.11 SATA2/7200/16M (ST3320613AS, 320GB)",,https://prod.danawa.com/info/?pcode=652901&cate=112763,Seagate,652901,//img.danawa.com/prod_img/500000/901/652/img/652901_1.jpg?shrink=330:*&_v=20200528093649,8.9,320.0,SATA2(3Gb/s),7200,,16.0,,20.0,,200804,
"Seagate BarraCuda LP SATA2/5900/32M (ST31000520AS, 1TB)",,https://prod.danawa.com/info/?pcode=937230&cate=112763,Seagate,937230,//img.danawa.com/prod_img/500000/230/937/img/937230_1.jpg?shrink=330:*&_v=20200528093640,8.9,1024.0,SATA2(3Gb/s),5900,,32.0,,26.1,,200909,
"Seagate BarraCuda 7200.10 SATA2/7200/8M/슬림 (ST380815AS, 80GB)",,https://prod.danawa.com/info/?pcode=671700&cate=112763,Seagate,671700,//img.danawa.com/prod_img/500000/700/671/img/671700_1.jpg?shrink=330:*&_v=20200528093649,8.9,80.0,SATA2(3Gb/s),7200,,8.0,,20.0,,200806,
"Seagate SV35 7200/64M (ST1000VX000, 1TB)",,https://prod.danawa.com/info/?pcode=4519020&cate=112763,Seagate,4519020,//img.danawa.com/prod_img/500000/020/519/img/4519020_1.jpg?shrink=330:*&_v=20200529163940,8.9,1024.0,SATA3 (6Gb/s),7200,,64.0,,20.0,,201610,
"Seagate Surveillance 7200/256M (ST8000VX0002, 8TB)",,https://prod.danawa.com/info/?pcode=3749640&cate=112763,Seagate,3749640,//img.danawa.com/prod_img/500000/640/749/img/3749640_1.jpg?shrink=330:*&_v=20200529095625,8.9,8192.0,SATA3(6Gb/s),7200,,256.0,,26.1,,201602,
"Seagate Desktop HDD 7200/128M (ST6000DM001, 6TB)",,https://prod.danawa.com/info/?pcode=3515477&cate=112763,Seagate,3515477,//img.danawa.com/prod_img/500000/477/515/img/3515477_1.jpg?shrink=330:*&_v=20200528173228,8.9,6144.0,SATA3(6Gb/s),7200,,128.0,,26.1,,201510,
"Seagate BarraCuda 7200.12 7200/8M (ST3160316AS, 160GB)",,https://prod.danawa.com/info/?pcode=1383836&cate=112763,Seagate,1383836,//img.danawa.com/prod_img/500000/836/383/img/1383836_1.jpg?shrink=330:*&_v=20200528093633,8.9,160.0,SATA3(6Gb/s),7200,,8.0,,20.0,,201106,
"Seagate BarraCuda Green SATA2/5900/32M (ST32000542AS, 2TB)",176670.0,https://prod.danawa.com/info/?pcode=924372&cate=112763,Seagate,924372,//img.danawa.com/prod_img/500000/372/924/img/924372_1.jpg?shrink=330:*&_v=20200528093640,8.9,2048.0,SATA2(3Gb/s),5900,,32.0,,26.1,,200908,
"Seagate BarraCuda 7200.10 SATA2 /7200/8M/슬림 (ST3160815AS, 160GB)",,https://prod.danawa.com/info/?pcode=671683&cate=112763,Seagate,671683,//img.danawa.com/prod_img/500000/683/671/img/671683_1.jpg?shrink=330:*&_v=20200528093649,8.9,160.0,SATA2(3Gb/s),7200,,8.0,,20.0,,200806,
"Seagate BarraCuda 7200.9 EIDE/7200/16M (ST3400633A, 400GB)",,https://prod.danawa.com/info/?pcode=432194&cate=112763,Seagate,432194,//img.danawa.com/prod_img/large/group_864/432194_1.jpg?shrink=330:*&_v=20200528093654,8.9,400.0,E-IDE,7200,,16.0,,26.1,,200702,
"Seagate BarraCuda 7200.12 7200/8M/슬림 (ST3250312AS, 250GB)",,https://prod.danawa.com/info/?pcode=1440500&cate=112763,Seagate,1440500,//img.danawa.com/prod_img/500000/500/440/img/1440500_1.jpg?shrink=330:*&_v=20200528093632,8.9,250.0,SATA3(6Gb/s),7200,,8.0,,20.0,,201107,
"도시바 DT01 7200/32M (DT01ACA100, 1TB)",42640.0,https://prod.danawa.com/info/?pcode=1713899&cate=112763,도시바,1713899,//img.danawa.com/prod_img/500000/899/713/img/1713899_1.jpg?shrink=330:*&_v=20200528112851,8.9,1024.0,SATA3(6Gb/s),7200,,32.0,,26.1,,201206,
"도시바 X300 Refresh 7200/256M (HDWR480, 8TB)",260560.0,https://prod.danawa.com/info/?pcode=15687542&cate=112763,도시바,15687542,//img.danawa.com/prod_img/500000/542/687/img/15687542_1.jpg?shrink=330:*&_v=20211115141419,8.9,8192.0,SATA3 (6Gb/s),7200,,256.0,0.0,26.1,,202111,
"도시바 DT01 7200/64M (DT01ACA200, 2TB)",59790.0,https://prod.danawa.com/info/?pcode=1790810&cate=112763,도시바,1790810,//img.danawa.com/prod_img/500000/810/790/img/1790810_1.jpg?shrink=330:*&_v=20200528112851,8.9,2048.0,SATA3(6Gb/s),7200,,64.0,,26.1,,201209,
"Seagate BarraCuda 7200/64M/병행수입 (ST1000DM010, 1TB)",56790.0,https://prod.danawa.com/info/?pcode=4989211&cate=112763,Seagate,4989211,//img.danawa.com/prod_img/500000/211/989/img/4989211_1.jpg?shrink=330:*&_v=20230102170809,8.9,1024.0,SATA3 (6Gb/s),7200,,64.0,2.0,,,201703,
"Western Digital WD BLACK 7200/128M (WD8002FZWX, 8TB)",414940.0,https://prod.danawa.com/info/?pcode=18406964&cate=112763,Western Digital WD,18406964,//img.danawa.com/prod_img/500000/964/406/img/18406964_1.jpg?shrink=330:*&_v=20221201134528,8.9,8192.0,SATA3 (6Gb/s),7200,238,128.0,0.0,26.1,,202212,
"Seagate BarraCuda 7200/256M/해외구매 (ST2000DM008, 2TB)",75890.0,https://prod.danawa.com/info/?pcode=7533853&cate=112763,Seagate,7533853,//img.danawa.com/prod_img/500000/853/533/img/7533853_1.jpg?shrink=330:*&_v=20200528093624,8.9,2048.0,SATA3 (6Gb/s),7200,220,256.0,1.0,20.2,,201810,
"도시바 X300 Refresh 7200/256M/해외구매 (HDWR480, 8TB)",,https://prod.danawa.com/info/?pcode=20188826&cate=112763,도시바,20188826,//img.danawa.com/prod_img/500000/826/188/img/20188826_1.jpg?shrink=330:*&_v=20230516154030,8.9,8192.0,SATA3 (6Gb/s),7200,,256.0,0.0,26.1,,202305,
"Western Digital WD Caviar Blue 7200/64M/해외구매 (WD10EZEX, 1TB)",55170.0,https://prod.danawa.com/info/?pcode=2703466&cate=112763,Western Digital WD,2703466,//img.danawa.com/prod_img/500000/466/703/img/2703466_1.jpg?shrink=330:*&_v=20200528100050,8.9,1024.0,SATA3(6Gb/s),7200,,64.0,,,,201302,
"Western Digital WD BLUE 5400/256M/해외구매 (WD60EZAZ, 6TB)",150590.0,https://prod.danawa.com/info/?pcode=14785154&cate=112763,Western Digital WD,14785154,//img.danawa.com/prod_img/500000/154/785/img/14785154_1.jpg?shrink=330:*&_v=20230426171044,8.9,6144.0,SATA3(6Gb/s),5400,180,256.0,1.0,26.1,,201904,
"Western Digital WD Caviar Blue SATA2/7200/8M/해외구매 (WD2500AAJS, 250GB)",,https://prod.danawa.com/info/?pcode=3207911&cate=112763,Western Digital WD,3207911,//img.danawa.com/prod_img/500000/911/207/img/3207911_1.jpg?shrink=330:*&_v=20200528100050,8.9,250.0,SATA2(3Gb/s),7200,,8.0,,,,201506,
"Western Digital WD BLUE 5400/64M/해외구매 (WD10EZRZ, 1TB)",85640.0,https://prod.danawa.com/info/?pcode=15271301&cate=112763,Western Digital WD,15271301,//img.danawa.com/prod_img/500000/301/271/img/15271301_1.jpg?shrink=330:*&_v=20210916151516,8.9,1024.0,SATA3(6Gb/s),5400,150,64.0,,26.1,,202109,
"Western Digital WD BLUE 7200/256M 해외구매 (WD20EZBX, 2TB)",98630.0,https://prod.danawa.com/info/?pcode=14733734&cate=112763,Western Digital WD,14733734,//img.danawa.com/prod_img/500000/734/733/img/14733734_1.jpg?shrink=330:*&_v=20210713165848,8.9,2048.0,SATA3(6Gb/s),7200,215,256.0,1.0,26.1,,202103,
"도시바 MD04 7200/128M (MD04ACA400, 4TB)",148000.0,https://prod.danawa.com/info/?pcode=3835364&cate=112763,도시바,3835364,//img.danawa.com/prod_img/500000/364/835/img/3835364_1.jpg?shrink=330:*&_v=20200528112216,8.9,4096.0,SATA3(6Gb/s),7200,,128.0,,26.1,,201603,
"Seagate BarraCuda 7200/64M/해외구매 (ST1000DM010, 1TB)",65990.0,https://prod.danawa.com/info/?pcode=5638974&cate=112763,Seagate,5638974,//img.danawa.com/prod_img/500000/974/638/img/5638974_1.jpg?shrink=330:*&_v=20200528093625,8.9,1024.0,SATA3 (6Gb/s),7200,,64.0,2.0,,,201711,
"HGST Ultrastar A7K1000 SATA2/7200/32M/해외구매 (HUA721010KLA330, 1TB)",102790.0,https://prod.danawa.com/info/?pcode=3330265&cate=112763,HGST,3330265,//img.danawa.com/prod_img/500000/265/330/img/3330265_1.jpg?shrink=330:*&_v=20220209154339,8.9,1024.0,SATA2(3Gb/s),7200,,32.0,,,,201507,
"Western Digital WD Caviar RE EIDE/7200/8M/해외구매 (WD1600SB, 160GB)",,https://prod.danawa.com/info/?pcode=3328185&cate=112763,Western Digital WD,3328185,//img.danawa.com/prod_img/500000/185/328/img/3328185_1.jpg?shrink=330:*&_v=20220211132304,8.9,160.0,E-IDE,7200,,8.0,,,,201507,
"Seagate Constellation.2 SATA/7200/64/해외구매 (ST91000640NS, 1TB)",87800.0,https://prod.danawa.com/info/?pcode=3273005&cate=112763,Seagate,3273005,//img.danawa.com/prod_img/500000/005/273/img/3273005_1.jpg?shrink=330:*&_v=20220209152014,6.4,1024.0,SATA3(6Gb/s),7200,,64.0,,,,201507,
"Seagate Enterprise Capacity 7200/128M/해외구매 (ST5000NM0024, 5TB)",,https://prod.danawa.com/info/?pcode=3274545&cate=112763,Seagate,3274545,//img.danawa.com/prod_img/500000/545/274/img/3274545_1.jpg?shrink=330:*&_v=20220405111003,8.9,5120.0,SATA3(6Gb/s),7200,226,128.0,,,,201507,
"Western Digital WD Caviar Green SATA2/64M/해외구매 (WD20EARS, 2TB)",,https://prod.danawa.com/info/?pcode=2926207&cate=112763,Western Digital WD,2926207,//img.danawa.com/prod_img/500000/207/926/img/2926207_1.jpg?shrink=330:*&_v=20200528171405,8.9,2048.0,SATA2(3Gb/s),5400,,64.0,,,,201111,
"Western Digital WD BLACK 7200/256M/해외구매 (WD4005FZBX, 4TB)",203810.0,https://prod.danawa.com/info/?pcode=14860733&cate=112763,Western Digital WD,14860733,//img.danawa.com/prod_img/500000/733/860/img/14860733_1.jpg?shrink=330:*&_v=20210728143835,8.9,4096.0,SATA3 (6Gb/s),7200,202,256.0,0.0,26.1,,201803,
"Seagate BarraCuda 7200/32M/해외구매 (ST500DM009, 500GB)",,https://prod.danawa.com/info/?pcode=7799083&cate=112763,Seagate,7799083,//img.danawa.com/prod_img/500000/083/799/img/7799083_1.jpg?shrink=330:*&_v=20200528093624,8.9,500.0,SATA3 (6Gb/s),7200,210,32.0,2.0,20.0,,201610,
Western Digital WD WD1200JB IDE/7200/8M/해외구매 (120GB),,https://prod.danawa.com/info/?pcode=3343325&cate=112763,Western Digital WD,3343325,//img.danawa.com/prod_img/500000/325/343/img/3343325_1.jpg?shrink=330:*&_v=20220211105137,8.9,120.0,E-IDE,7200,,8.0,,,,201508,
"도시바 MG03ACA 7200/64M/해외구매 (MG03ACA300, 3TB)",149490.0,https://prod.danawa.com/info/?pcode=3320333&cate=112763,도시바,3320333,//img.danawa.com/new/noData/img/noImg_360.gif,8.9,3072.0,SATA3(6Gb/s),7200,,64.0,,,,201507,
"Western Digital WD Caviar Blue PATA100/7200/8M/해외구매 (WD3200AAJB, 320GB)",146710.0,https://prod.danawa.com/info/?pcode=3316492&cate=112763,Western Digital WD,3316492,//img.danawa.com/prod_img/500000/492/316/img/3316492_1.jpg?shrink=330:*&_v=20220210140430,8.9,320.0,PATA100,7200,,8.0,,,,201507,
"Seagate BarraCuda 7200.10 EIDE/7200/2M/해외구매 (ST3160215A, 160GB)",,https://prod.danawa.com/info/?pcode=2664356&cate=112763,Seagate,2664356,//img.danawa.com/prod_img/500000/356/664/img/2664356_1.jpg?shrink=330:*&_v=20200528093628,8.9,160.0,E-IDE,7200,,2.0,,,,201112,
"Western Digital WD Caviar Blue 7200/8M/해외구매 (WD800JB, 80GB)",,https://prod.danawa.com/info/?pcode=3345897&cate=112763,Western Digital WD,3345897,//img.danawa.com/prod_img/500000/897/345/img/3345897_1.jpg?shrink=330:*&_v=20220210141639,8.9,80.0,E-IDE,7200,,8.0,,,,201508,
"Seagate SV35.5 SATA/7200/16M/해외구매 (ST3500410SV, 500GB)",,https://prod.danawa.com/info/?pcode=3320211&cate=112763,Seagate,3320211,//img.danawa.com/prod_img/500000/211/320/img/3320211_1.jpg?shrink=330:*&_v=20220210111303,8.9,500.0,SATA1(1.5Gb/s),7200,,16.0,,,,201507,
"Seagate BarraCuda EIDE/7200/2M/해외구매 (ST320011A, 20GB)",,https://prod.danawa.com/info/?pcode=3320146&cate=112763,Seagate,3320146,//img.danawa.com/prod_img/500000/146/320/img/3320146_1.jpg?shrink=330:*&_v=20220210143107,8.9,20.0,E-IDE,7200,,2.0,,,,201507,
"Seagate BarraCuda 7200.11 7200/해외구매 (ST3500620AS, 500GB)",,https://prod.danawa.com/info/?pcode=3320126&cate=112763,Seagate,3320126,//img.danawa.com/prod_img/500000/126/320/img/3320126_1.jpg?shrink=330:*&_v=20220602101523,8.9,600.0,SATA3(6Gb/s),7200,,,,,,201507,
"Western Digital WD Caviar SE SATA2/7200/8M/해외구매 (WD2500JS, 250GB)",,https://prod.danawa.com/info/?pcode=3318853&cate=112763,Western Digital WD,3318853,//img.danawa.com/prod_img/500000/853/318/img/3318853_1.jpg?shrink=330:*&_v=20220210134954,8.9,250.0,SATA2(3Gb/s),7200,,8.0,,,,201507,
"Western Digital WD Caviar Blue EIDE/7200/16M/해외구매 (WD5000AAKB, 500GB)",,https://prod.danawa.com/info/?pcode=3317151&cate=112763,Western Digital WD,3317151,//img.danawa.com/prod_img/500000/151/317/img/3317151_1.jpg?shrink=330:*&_v=20220210172325,8.9,500.0,E-IDE,7200,,16.0,,,,201507,
Western Digital WD WD1600JB IDE/7200/8M/해외구매 (160GB),,https://prod.danawa.com/info/?pcode=3316967&cate=112763,Western Digital WD,3316967,//img.danawa.com/prod_img/500000/967/316/img/3316967_1.jpg?shrink=330:*&_v=20220210175824,8.9,160.0,E-IDE,7200,,8.0,,,,201507,
"Seagate Constellation ES SATA2/7200/32M/해외구매 (ST3500514NS, 500GB)",147000.0,https://prod.danawa.com/info/?pcode=3315706&cate=112763,Seagate,3315706,//img.danawa.com/prod_img/500000/706/315/img/3315706_1.jpg?shrink=330:*&_v=20220210143900,8.9,500.0,SATA2(3Gb/s),7200,,32.0,,,,201507,
"Seagate BarraCuda Green SATA2/5900/32M/해외구매 (ST2000DL001, 2TB)",,https://prod.danawa.com/info/?pcode=3314828&cate=112763,Seagate,3314828,//img.danawa.com/prod_img/500000/828/314/img/3314828_1.jpg?shrink=330:*&_v=20220210171837,8.9,2048.0,SATA2(3Gb/s),5900,,32.0,,,,201507,
"Western Digital WD Caviar SE EIDE/7200/8M/해외구매 (WD2500JB, 250GB)",,https://prod.danawa.com/info/?pcode=3311469&cate=112763,Western Digital WD,3311469,//img.danawa.com/prod_img/500000/469/311/img/3311469_1.jpg?shrink=330:*&_v=20200529180701,8.9,250.0,E-IDE,7200,,8.0,,,,201507,
"Seagate BarraCuda EIDI/7200/8M/해외구매 (ST3400832A, 400GB)",,https://prod.danawa.com/info/?pcode=3277662&cate=112763,Seagate,3277662,//img.danawa.com/prod_img/500000/662/277/img/3277662_1.jpg?shrink=330:*&_v=20220210170636,8.9,400.0,E-IDE,7200,,8.0,,,,201507,
"Western Digital WD RE HDD 7200/64M/해외구매 (WD5003ABYZ, 500GB)",,https://prod.danawa.com/info/?pcode=3276056&cate=112763,Western Digital WD,3276056,//img.danawa.com/prod_img/500000/056/276/img/3276056_1.jpg?shrink=330:*&_v=20220211111552,8.9,500.0,SATA3(6Gb/s),7200,,64.0,,,,201507,
"Western Digital WD Caviar Green SATA2/5400/32/해외구매 (WD5000AVDS, 500GB)",,https://prod.danawa.com/info/?pcode=3274516&cate=112763,Western Digital WD,3274516,//img.danawa.com/prod_img/500000/516/274/img/3274516_1.jpg?shrink=330:*&_v=20220211110940,8.9,500.0,SATA2(3Gb/s),5400,,32.0,,,,201507,
"Seagate DB35 7200.3 E-IDC/7200/2M/해외구매 (ST3160215ACE , 160GB)",,https://prod.danawa.com/info/?pcode=3253609&cate=112763,Seagate,3253609,//img.danawa.com/prod_img/500000/609/253/img/3253609_1.jpg?shrink=330:*&_v=20200529180701,8.9,160.0,E-IDE,7200,,2.0,,,,201506,
"Seagate BarraCuda 7200.12 SATA2/7200/16M/해외구매 (ST3500418AS, 500GB)",,https://prod.danawa.com/info/?pcode=2970947&cate=112763,Seagate,2970947,//img.danawa.com/prod_img/500000/947/970/img/2970947_1.jpg?shrink=330:*&_v=20200528093627,8.9,500.0,SATA2(3Gb/s),7200,,16.0,,,,201501,
"Seagate BarraCuda 7200.7 EIDE/7200/2M/해외구매 (ST380011A, 80GB)",,https://prod.danawa.com/info/?pcode=2934134&cate=112763,Seagate,2934134,//img.danawa.com/prod_img/500000/134/934/img/2934134_1.jpg?shrink=330:*&_v=20200528093627,8.9,80.0,E-IDE,7200,,2.0,,,,200301,
"Seagate Desktop HDD.15 5900/64M/해외구매 (ST4000DM000, 4TB)",,https://prod.danawa.com/info/?pcode=2934077&cate=112763,Seagate,2934077,//img.danawa.com/prod_img/500000/077/934/img/2934077_1.jpg?shrink=330:*&_v=20200528173228,8.9,4096.0,SATA3(6Gb/s),5900,,64.0,,,,201303,
"Western Digital WD Caviar Blue EIDE/7200/8M/해외구매 (WD1600AAJB, 160GB)",,https://prod.danawa.com/info/?pcode=2900209&cate=112763,Western Digital WD,2900209,//img.danawa.com/prod_img/500000/209/900/img/2900209_1.jpg?shrink=330:*&_v=20200528100050,8.9,160.0,SATA2(3Gb/s),7200,,8.0,,,,201211,
"Seagate BarraCuda 7200.12 7200/16M/해외구매 (ST3500413AS, 500GB)",,https://prod.danawa.com/info/?pcode=2850298&cate=112763,Seagate,2850298,//img.danawa.com/prod_img/500000/298/850/img/2850298_1.jpg?shrink=330:*&_v=20200528093627,8.9,500.0,SATA2(3Gb/s),7200,,16.0,,,,201409,
"Seagate BarraCuda 7200/16M/해외구매 (ST500DM002, 500GB)",,https://prod.danawa.com/info/?pcode=2706389&cate=112763,Seagate,2706389,//img.danawa.com/prod_img/500000/389/706/img/2706389_1.jpg?shrink=330:*&_v=20200528093628,8.9,500.0,SATA3(6Gb/s),7200,,16.0,,,,201110,
"Western Digital WD Caviar Green SATA2/32M/해외구매 (WD20EADS, 2TB)",,https://prod.danawa.com/info/?pcode=2703551&cate=112763,Western Digital WD,2703551,//img.danawa.com/prod_img/500000/551/703/img/2703551_1.jpg?shrink=330:*&_v=20200528171405,8.9,2048.0,SATA2(3Gb/s),,,32.0,,,,201112,
"Seagate BarraCuda 7200.10 EIDE/7200/16M/해외구매 (ST3500630A, 500GB)",,https://prod.danawa.com/info/?pcode=2701509&cate=112763,Seagate,2701509,//img.danawa.com/prod_img/500000/509/701/img/2701509_1.jpg?shrink=330:*&_v=20200528093628,8.9,500.0,E-IDE,7200,,16.0,,,,201110,
"Western Digital WD Caviar Blue E-IDE/7200/8M/해외구매 (WD2500AAJB, 250GB)",,https://prod.danawa.com/info/?pcode=2701485&cate=112763,Western Digital WD,2701485,//img.danawa.com/prod_img/500000/485/701/img/2701485_1.jpg?shrink=330:*&_v=20200528100050,8.9,250.0,E-IDE,7200,,8.0,,,,201310,
"도시바 DT01 7200/32M/해외구매 (DT01ACA100, 1TB)",42640.0,https://prod.danawa.com/info/?pcode=2233367&cate=112763,도시바,2233367,//img.danawa.com/prod_img/500000/367/233/img/2233367_1.jpg?shrink=330:*&_v=20200528112851,8.9,1024.0,SATA3(6Gb/s),7200,,32.0,,,,201309,
"Seagate BarraCuda 7200.10 EIDE/7200/16M (ST3320620A, 320GB)",,https://prod.danawa.com/info/?pcode=161437&cate=112763,Seagate,161437,//img.danawa.com/prod_img/large/group_322/161437_1.jpg?shrink=330:*&_v=20200528091103,8.9,320.0,E-IDE,7200,,16.0,,26.1,,200607,
"Seagate BarraCuda 7200.8 EIDE/7200/8M (ST3250823A, 250GB)",,https://prod.danawa.com/info/?pcode=66982&cate=112763,Seagate,66982,//img.danawa.com/prod_img/large/group_133/66982_1.jpg?shrink=330:*&_v=20200528091107,8.9,250.0,E-IDE,7200,,8.0,,26.1,,200412,
